<?xml version='1.0'?>
<ScannedImage>
<Image>
<FileName>92352102970001.tif</FileName >
<ScanBatchNum>ESIS-13029-0500101</ScanBatchNum >
<ScanOp>KHADGA RAI</ScanOp >
<ScanDate>20150601</ScanDate >
<ScanTime>23:23:02</ScanTime >
<ScanDocCtrlRef>3015100A2623001M</ScanDocCtrlRef >
<NoOfPages>1</NoOfPages >
<DocParentCtrlRef></DocParentCtrlRef >
<Attachments>N</Attachments >
<EnvCtrlRef>DERAS,MARIA</EnvCtrlRef >
<DocumentDate>20150528</DocumentDate >
<DocDescription>Testing1101</DocDescription >
<StateCountry></StateCountry >
<MD5Checksum>0C0F45824B19EW5B2F6E43324</MD5Checksum >
</Image>
<Index>
<FileRef>JY12J0353848</FileRef >
<DocCat>CertifiedMailReceipt</DocCat >
<LOB>APL</LOB >
<POBox>5120</POBox >
<AutoApprove>N</AutoApprove >
<DocRecipient></DocRecipient >
<DocProcessSource>M</DocProcessSource >
<DocStatus>ClaimMailMatched</DocStatus >
<DocLastUser></DocLastUser >
<Addressee></Addressee >
<IndexFlag></IndexFlag >
</Index>
</ScannedImage>
