<?xml version='1.0' standalone='no'?>
<ScannedImage>                    
     <Image>               
          <FileName>IMG201511121603393.pdf</FileName>
          <ScanBatchNum>BTCH-20151112-160339</ScanBatchNum>
          <ScanOp>KHADGA RAI</ScanOp>
          <ScanDate>20151112</ScanDate>
          <ScanTime>16:03:39</ScanTime>
          <ScanDocCtrlRef>20151112IMG160339EF3</ScanDocCtrlRef>
          <NoOfPages>2</NoOfPages>
          <DocParentCtrlRef/>
          <Attachments>N</Attachments>
          <EnvCtrlRef>DERAS,MARIA</EnvCtrlRef>
          <DocumentDate>20151112</DocumentDate>
          <DocDescription>IMG201511121603393</DocDescription>
          <StateCountry/>
          <MD5Checksum>IMG20151112A160339CF3D</MD5Checksum>
     </Image>               
     <Index>               
          <FileRef/>
          <DocCat>FirstNotice</DocCat>
          <LOB>APL</LOB>
          <POBox>5120</POBox>
          <AutoApprove>N</AutoApprove>
          <DocRecipient/>
          <DocProcessSource>M</DocProcessSource>
          <DocStatus>ClaimMailUnMatched</DocStatus>
          <DocLastUser/>
          <Addressee/>
          <IndexFlag/>
     </Index>               
</ScannedImage>                    
