<?xml version='1.0' standalone='no'?>
<ScannedImage>                    
     <Image>               
          <FileName>IMG201511121603391.pdf</FileName>
          <ScanBatchNum>BTCH-20151112-160339</ScanBatchNum>
          <ScanOp>KHADGA RAI</ScanOp>
          <ScanDate>20151112</ScanDate>
          <ScanTime>16:03:39</ScanTime>
          <ScanDocCtrlRef>20151112IMG160339EF1</ScanDocCtrlRef>
          <NoOfPages>2</NoOfPages>
          <DocParentCtrlRef/>
          <Attachments>N</Attachments>
          <EnvCtrlRef>DERAS,MARIA</EnvCtrlRef>
          <DocumentDate>20151112</DocumentDate>
          <DocDescription>IMG201511121603391</DocDescription>
          <StateCountry/>
          <MD5Checksum>IMG20151112A160339CF1D</MD5Checksum>
     </Image>               
     <Index>               
          <FileRef>C135C6913940</FileRef>
          <DocCat>StateBureauForm</DocCat>
          <LOB>WC</LOB>
          <POBox>5120</POBox>
          <AutoApprove>N</AutoApprove>
          <DocRecipient>887701</DocRecipient>
          <DocProcessSource>M</DocProcessSource>
          <DocStatus>ClaimMailMatched</DocStatus>
          <DocLastUser/>
          <Addressee/>
          <IndexFlag/>
     </Index>               
</ScannedImage>                    
